COMPANY NAME,COUNTRY / TERRITORY,2-LETTER CODE,ACCOUNTING CODE (PAX),AIRLINE PREFIX CODE
"Aero Nomad Airlines" LLC,Kyrgyzstan,KA,212,
"AIR GEORGIA" LTD dba Aircompany AIR GEORGIA,Georgia,DC*,,
"Airline "Weltall-avia",Russian Federation,W7*,,
"NOVAIR" Limited Liability Company,Armenia,NG,206,
"SHIRAK AVIA" Limited Liability Com,Armenia,5G*,740,
1263343 Alberta Ltd. dba Lynx Air,Canada,Y9,,
21 Air LLC,UNITED STATES OF AMERICA,2I*,,681
25only Aviation GmbH,Germany,4Q,,
2746904 Ontario Inc.,Canada,ZX,,
40-Mile Air, Ltd.,UNITED STATES OF AMERICA,Q5*,,
9 Air Co Ltd,People's Republic of China,AQ,902,902
9736140 Canada Inc. t/a Pascan,Canada,P6*,447,
A.P.G. Distribution System,France,A1,,
ABSA - Aerolinhas Brasileiras S.A dba LATAM Cargo Brasil,Brazil,M3,,549
ABX Air, Inc.,UNITED STATES OF AMERICA,GB,,832
AccesRail and Partner Railways,Canada,9B*,450,
Accounting Centre of China Aviation (ACCA),People's Republic of China,,280,
ACT Havayollari A.S.,Turkey,9T*,,556
Advanced Air, LLC,UNITED STATES OF AMERICA,AN,360,
Aegean Airlines,Greece,A3,390,390
Aeko Kula, LLC dba Aloha Air Cargo,UNITED STATES OF AMERICA,KH,,687
Aer Lingus Limited,Ireland,EI,053,053
Aer Lingus UK Limited,United Kingdom,EG,,
Aero Contractors Company Of Nigeria Limited,Nigeria,N2,,
Aero Dili Transport Services, S.A. dba AERO DILI,Timor-Leste,8G,,
Aero Express del Ecuador - Trans A,Ecuador,7T,,144
Aero FlightOps UK Limited,United Kingdom,FO*,,
Aero Micronesia Inc. dba Asia Pacific Airlines,Guam,P9*,,046
Aero Republica S.A.,Colombia,P5,845,845
Aero Transporte S.A.,Peru,4A,,
Aero-K Airlines Co. Ltd,Korea, Republic of,RF,711,
Aero4M d.o.o dba Amelia International,Slovenia,NL,152,
Aeroenlaces Nacionales S.A. de C.V.,Mexico,VB,333,333
AEROITALIA SRL dba AEROITALIA SRL,Italy,XZ,,
Aerolane Lineas Aerea Nacional dba Latam Airlines Ecuador,Ecuador,XL,462,462
Aerolinea del Caribe Peru S.A.C.,Peru,EF,,497
Aerolinea Del Caribe S.A. dba Aercaribe S.A.,Colombia,JK,,543
Aerolineas Argentinas S.A.,Argentina,AR,044,044
Aerolineas Sosa S.A de C.V.,Honduras,S0,,
Aerolink Uganda Limited,Uganda,A8*,,
Aerolitoral S.A. de C.V.,Mexico,5D,642,642
Aerologic GmbH,Germany,3S*,,278
Aeronova S.L. dba Air Europa Express,Spain,X5,,
Aeromongolia LLC,Mongolia,M0,970,970
Aerotranscargo SRL,Moldova, Republic of,F5,,227
Aerotransporte de Carga Union, S.A. dba Aerounion,Mexico,6R*,,873
Aerotransportes Mas de Carga S.A. de C.V. dba Masair,Mexico,M7,,865
Aerotransportes Rafilher,Mexico,ZV,,
Aerovias DAP S.A.,Chile,V5,,
Aerovias de Integracion Regional dba LATAM Airlines Colombia,Colombia,4C,035,
Aerovias De Mexico, S.A. De C.V.,Mexico,AM,139,139
Aerovias del Continente Americano S.A. AVIANCA,Colombia,AV,134,134
Aerro Direkt S.R.L.,Romania,4D*,,
Africa World Airlines Limited dba Africa World Airlines,Ghana,AW*,394,
African Express Airways,Kenya,XU,,
Afrijet Business Service dba Afrijet,Gabon,J7,277,277
Afriqiyah Airways dba Afriqiyah Airways,Libyan Arab Jamahiriya,8U,546,546
AHK Air Hong Kong Limited dba AHK Air Hong Kong Limited,Hong Kong (SAR), China,LD*,,288
AIR ALBANIA SHPK,Albania,ZB,667,
Air Algerie,Algeria,AH,124,124
Air Alsie A/S,Denmark,6I,248,
Air Arabia Abu Dhabi dba Air Arabia Abu Dhabi,United Arab Emirates,3L,049,049
Air Arabia dba Air Arabia PJSC,United Arab Emirates,G9,514,514
Air Arabia Egypt,Egypt,E5,844,844
Air Arabia Maroc,Morocco,3O,452,452
Air Atlanta Europe Ltd,Malta,CT*,,
Air Atlanta Icelandic,Iceland,CC,,318
Air Austral,France,UU,760,760
Air Baltic Corporation A/S,Latvia,BT,657,657
Air Belgium SA,Belgium,KF,142,142
Air Botswana,Botswana,BP,636,636
Air Burkina,Burkina Faso,2J,226,
Air Busan,Korea, Republic of,BX,982,982
Air Cairo,Egypt,SM,381,381
Air Caledonie,New Caledonia,TY,190,190
Air Caledonie International,New Caledonia,SB,063,063
Air Canada,Canada,AC,014,014
Air Canada Rouge LP dba Air Canada Rouge,Canada,RV,,
Air Caraibes,Guadeloupe,TX,427,427
Air Cargo Carriers, LLC.,UNITED STATES OF AMERICA,2Q,,
Air Century, S.A.,Dominican Republic,Y2,,
Air Charter, Inc. dba Air Flamenco,Puerto Rico,F4,,401
Air Chathams Limited t/a Air Chathams,New Zealand,3C,850,
Air China Cargo,People's Republic of China,CA*,,999
Air China LTD,People's Republic of China,CA,999,
Air Company "Sky Gates Airlines" Limited Liability Company,Russian Federation,U3,,728
Air Company Sirius-Aero Ltd,Russian Federation,SA*,,
Air Corsica,France,XK,146,146
Air Cote D'Ivoire,Cote d'Ivoire,HF,483,
Air Creebec (1994) Inc.,Canada,YN,219,219
Air Djibouti SAS,Djibouti,DJ,,
AIR DOLOMITI S.p.A. LINEE AEREE REGIONALI EUROPEE,Italy,EN,101,101
Air Europa Lineas Aereas, S.A.,Spain,UX,996,996
Air Excursion, LLC,UNITED STATES OF AMERICA,X4,042,
Air Express S.A. dba Airclass Lineas Aereas,Uruguay,VZ*,,510
Air France,France,AF,057,057
Air Ghana Limited dba Air Ghana,Ghana,,,458
Air Greenland A/S,Greenland,GL,631,631
Air Guilin Co. Ltd.,People's Republic of China,GT,730,730
Air Horizont Ltd.,Malta,HT*,,
Air Incheon Co, Ltd,Korea, Republic of,KJ,,994
AIR INDIA EXPRESS LTD dba AIR INDIA EXPRESS,India,IX*,,236
Air India Limited dba Air India,India,AI,098,098
Air Inter Transport Company Limited dba Budget Lines,Thailand,BD,,765
Air Inuit Ltd/Ltee,Canada,3H,466,466
Air Japan Co., Ltd.,Japan,NQ,,
Air Juan Aviation, Inc.,Philippines,AO,,
Air KBZ Company Limited dba Air KBZ Company Limited,Myanmar,K7,314,
Air Kilroe Limited t/a Eastern Airways,United Kingdom,T3,467,
Air Kiribati Limited dba Air Kiribati,Kiribati,IK,069,069
Air Koryo,Korea, Democratic People's Republic of,JS,120,120
Air Libya dba Air Libya,Libyan Arab Jamahiriya,7I,,
AIR LINK PTY. LIMITED dba Altitude Aviation Australia,Australia,LZ,,
Air Macau Company Limited,Macao (SAR), China,NX,675,675
Air Madagascar dba Air Madagascar,Madagascar,MD,258,258
Air Malta p.l.c.,Malta,KM,643,643
Air Manas Air Company Limited Liability Company dba Air Manas Air Company LLC,Kyrgyzstan,ZM,887,887
Air Mauritius Ltd,Mauritius,MK,239,239
Air Mediterranean S.A.,Greece,MV,012,012
Air Mobility Command,UNITED STATES OF AMERICA,MC,,
AIR MOLDOVA,Moldova, Republic of,9U,572,572
Air New Zealand Limited,New Zealand,NZ,086,086
Air Niugini Limited,Papua New Guinea,PX,656,656
Air North Charter and Training Ltd.,Canada,4N,287,287
Air Nostrum,Spain,YW,694,694
Air Pacific Limited t/a Fiji Airways,Fiji,FJ,260,260
Air Panama,Panama,7P,600,
Air Peace Limited,Nigeria,P4,710,710
Air Philippines Corporation dba PAL Express and Airphil Express,Philippines,2P,211,211
Air Premia Inc,Korea, Republic of,YP,350,350
Air Rarotonga Ltd,Cook Islands,GZ,755,
Air Saint Pierre,St. Pierre and Miquelon,PJ,638,638
Air Senegal S.A.,Senegal,HC,490,
Air Seoul, Inc,Korea, Republic of,RS,820,820
Air Seychelles Limited,Seychelles,HM,061,061
Air Sial Limited,Pakistan,PF,673,
Air Tahiti,French Polynesia,VT,135,135
Air Tahiti Nui,French Polynesia,TN,244,244
Air Thanlwin Limited dba Air Thanlwin Limited,Myanmar,ST,363,
Air Tanzania Company Limited,Tanzania, United Republic of,TC,197,197
Air Transat,Canada,TS,649,649
Air Tindi Ltd.,Canada,8T*,,
Air Transport Association of Americ d\b\a Airlines for America,UNITED STATES OF AMERICA,XD,,
Air Transport International Inc.,UNITED STATES OF AMERICA,8C,,813
Air Travel Co. Ltd.,People's Republic of China,A6,389,389
Air Vanuatu (Operations) Limited dba Air Vanuatu,Vanuatu,NF,218,218
Air Wisconsin Airlines Corporation (AWAC),UNITED STATES OF AMERICA,ZW,303,303
Air X Charter Ltd,Malta,AX*,,247
Air Zimbabwe (Pvt) Ltd.,Zimbabwe,UM,168,168
AIR4 Passenger Service Systems, LLC,UNITED STATES OF AMERICA,D1,,
AirAsia (India) Limited AIRASIA,India,I5,091,091
AirAsia Berhad dba AirAsia,Malaysia,AK,807,807
Airasia X Berhad dba Airasia X,Malaysia,D7,843,843
AirBridgeCargo Airlines LLC,Russian Federation,RU,,580
Airbus Transport International,France,4Y*,,
Aircompany Armenia LLC,Armenia,RM,437,437
Aircompany JONIKA Limited Liability Company dba "AC "Jonica" LLC,Ukraine,JO,,
AIRCOMPANY NORTH-WEST LIMITED LIABILITY COMPANY,Russian Federation,0E*,,
Aircompany Somon Air LLC dba Somon Air,Tajikistan,SZ,413,413
Airdo Co.,Ltd.,Japan,HD,,
AirExplore, s.r.o.,Slovakia,ED,,
Airhub Airlines Limited,Malta,AH*,,521
AirKenya Express Ltd,Kenya,P2,,
Airline Allied Services Limited dba Alliance Air,India,9I,,
Airline Container Leasing Inc.,UNITED STATES OF AMERICA,JG*,,
Airline GEO SKY LLC dba Airline GEO SKY,Georgia,D4,,330
Airlines Clearing House Inc.,UNITED STATES OF AMERICA,XD,,
Airlines Reporting Corporation Area Settlement Plan,UNITED STATES OF AMERICA,XD,889,
Airlink (PTY) LTD dba Airlink,South Africa,4Z,749,749
Airlines Reporting Corporation. Area Settlement Plan,UNITED STATES OF AMERICA,XD,890,
Airmax S.A.,Peru,X8,,658
Airshop B.V.,Netherlands,FF*,,
Airswift Transport, INC.,Philippines,T6,,
AirTanker Services Limited,United Kingdom,9L,,
Airzena LLC dba Aircompany AIRZENA,Georgia,LV,300,
Al Masria Universal Airlines,Egypt,UJ,110,
Al-Haya Aviation dba HYA,Iraq,HA*,,164
Alaska Airlines Inc.,UNITED STATES OF AMERICA,AS,027,027
Alaska Central Express,UNITED STATES OF AMERICA,KO*,,341
Alba Star,S.A. dba Alba Star,Spain,AP,374,374
Albawings,Albania,2B,654,
Alexandria Airlines,Egypt,DQ,293,
Alfa Airlines SD Co.Ltd. dba Alfa Airlines SD Co.Ltd.,Sudan,5E,,
Alia - The Royal Jordanian Airlines dba Royal Jordanian,Jordan,RJ,512,512
ALISCARGO AIRLINES S.P.A. dba ALISCARGO AIRLINES S.P.A.,Italy,CP*,,233
All Nippon Airways Co. Ltd.,Japan,NH,205,205
Allegiant Air LLC,UNITED STATES OF AMERICA,G4,268,
Alliance Airlines Pty. Limited,Australia,QQ,,
Allied Air Limited,Nigeria,4W*,,574
Alpha Air Transport dba Commercial Aviation Services,UNITED STATES OF AMERICA,7U,,428
Alpine Aviation Inc.,UNITED STATES OF AMERICA,5A,,
Alsa Grupo SLU,Spain,5I*,,
Altenrhein Luftfahrt GmbH dba People's,Austria,PE,335,
Amadeus IT Group SA,Spain,1A,790,
Amakusa Airlines Co.,Ltd,Japan,MZ,,
Amapola Flyg AB,Sweden,HP,,
American Airlines Inc.,UNITED STATES OF AMERICA,AA,001,001
Amerijet International Inc.,UNITED STATES OF AMERICA,M6,,810
Ameristar Air Cargo, Inc.,UNITED STATES OF AMERICA,7Z*,,
Amtrak,UNITED STATES OF AMERICA,2V*,554,
ANA Wings Co., Ltd.,Japan,EH,,
Anguilla Air Services, Ltd,Anguilla,Q3,,
Anima Wings Aviation S.A.,Romania,A2,393,
APG Airlines,France,GP,275,275
ARAJET, SA dba Arajet,Dominican Republic,DM,,
Arctic Transportation Services, Inc Ryan Air,UNITED STATES OF AMERICA,7S*,,
Ariana Afghan Airlines dba Ariana Afghan Airlines,Afghanistan,FG,255,255
Arik Air Limited dba Arik Air Limited,Nigeria,W3,725,
ARINC (Aeronautical Radio, Inc.),UNITED STATES OF AMERICA,XA,,
ARINC Direct,UNITED STATES OF AMERICA,ZJ,,
Arkia Israeli Airlines Ltd,Israel,IZ,238,238
Armenia Airways Air Company CJSC,Armenia,6A,616,616
Armenian National Airlines CJSC dba FLY ARNA,Armenia,G6,253,253
Arubaanse Luchtvaart Maatschappij NV dba Aruba Airlines,Aruba,AG,,209
Asia Atlantic Airlines Company Limi dba Asia Atlantic,Thailand,KD,,
Asian Express General Aviation Wuxi Ltd,People's Republic of China,YJ,,
Asiana Airlines Inc.,Korea, Republic of,OZ,988,988
ASL Airlines Belgium,Belgium,3V,756,756
ASL AIRLINES FRANCE,France,5O,558,558
Astral Aviation Limited,Kenya,8V*,,485
Astro Air International Inc. dba PAN PACIFIC AIRLINES,Philippines,8Y*,639,639
ATA AEROTAXI ABAETE LTDA dba ATA AEROTAXI ABAETE LTDA,Brazil,E4,434,
Atlantic Airways, Faroe Islands, P/F,Faroe Islands,RC,767,767
Atlantis-Air Link Ltd.,Canada,EA*,,827
Atlas Air, Inc.,UNITED STATES OF AMERICA,5Y,,369
Aura Airlines, S.L.,Spain,U5*,,
Auric Air Services Limited,Tanzania, United Republic of,UI*,,
Aurigny Air Services Limited,United Kingdom,GR,924,924
Austrian Airlines AG dba Austrian,Austria,OS,257,257
Avelo Airlines, Inc.,UNITED STATES OF AMERICA,XP,,
Avex Air Transport (PTY) LTD,South Africa,,,371
Avia Traffic Company LLC dba Avia Traffic Company LLC,Kyrgyzstan,YK,511,511
Aviacon Zitotrans Air Company JSC,Russian Federation,ZR*,,410
Aviair PTY LTD,Australia,GD,,
Aviakompaniya Pobeda, OOO,Russian Federation,DP,425,
Avialeasing Aviation Company,Uzbekistan,V2,,552
Avianca Costa Rica, S.A. dba Avianca Costa Rica, S.A.,Costa Rica,LR,133,133
AVIANCA-Ecuador dba AVIANCA,Ecuador,2K,547,547
Aviastar-TU Co. Aviacompany,Russian Federation,4B*,,210
Aviation Horizons Ltd,Saudi Arabia,ZS*,,266
Aviation Technologies Inc. dba Publiccharters.com,UNITED STATES OF AMERICA,P1,,
AVION EXPRESS MALTA LTD.,Malta,X8*,,
Avior Airlines, C.A. dba Avior Airlines,Venezuela,9V,742,742
Avtrasoft Limited,Cyprus,T1,,
AXESS INTERNATIONAL NETWORK INC.,Japan,1J,835,
Ayad Bourhane Aviation Ltd,Comoros,Y6,,
Azerbaijan Airlines CJSC,Azerbaijan,J2,771,771
Aztec Worldwide Airlines Inc.,UNITED STATES OF AMERICA,AJ,,179
Azul Linhas Aereas Brasileiras,Brazil,AD,577,577
AZUR air Limited Liability Company,Russian Federation,ZF,037,037
BA Cityflyer Limited,United Kingdom,CJ*,,
Azur Air Ukraine Airlines Limited Liability Company,Ukraine,QU,761,761
Badr Airlines dba Badr Airlines,Sudan,J4,367,367
Bahamasair Holdings, Ltd,Bahamas,UP,111,
Bamboo Airways Joint Stock Company dba Bamboo Airways Joint Stock Comp,Viet Nam,QH,926,926
Bangkok Airways Public Co., Ltd.,Thailand,PG,829,829
Bassaka Air Limited dba Bassaka Air,Cambodia,5B*,590,590
Beijing Capital Airlines Co. Ltd.,People's Republic of China,JD,898,898
Belavia - Belarusian Airlines dba Belavia,Belarus,B2,,
Bemidji Aviation Services, Inc.,UNITED STATES OF AMERICA,CH,,
Bering Air Inc.,UNITED STATES OF AMERICA,8E,,
Berjaya Air Sdn. Bhd. dba Berjaya Air,Malaysia,J8,801,
BERNIQ AIRWAYS dba BERNIQ AIRWAYS,Libyan Arab Jamahiriya,NB,,
Bhutan Airlines dba Tashi Air Pvt Ltd.,Bhutan,B3,786,786
Big Charter Pvt Ltd dba Fly Big,India,S9,,
Biman Bangladesh Airlines Limited,Bangladesh,BG,997,997
Binter Canarias,Spain,NT,474,
Bird Information Systems Pvt. Ltd.,India,1Z,,
Blafugl ehf. dba Bluebird Cargo Ltd,Iceland,BO,,290
Bismillah Airlines Limited,Bangladesh,BH,,256
Blue Air Aviation S.A.,Romania,0B*,475,475
Blue Bird Airways,Greece,BZ,404,
Blue Dart Aviation Ltd.,India,BZ*,,620
Blue Islands Limited,United Kingdom,SI,821,
Boliviana de Aviacion (BoA),Bolivia,OB,930,930
Bond Air Cargo, LLC,UNITED STATES OF AMERICA,B7*,,029
Boutique Air, Inc.,UNITED STATES OF AMERICA,4B,184,
Braathens Regional Airways AB,Sweden,TF,276,
Bradley Air Services Limited t/a First Air,Canada,7F,245,245
Bravo Passenger Solutions Pte. Ltd.,Singapore,B1,,
Breeze Airways,UNITED STATES OF AMERICA,MX,,
Bringer Air Cargo Taxi Aereo Ltda,Brazil,E6*,,417
British Airways p.l.c.,United Kingdom,BA,125,125
Brussels Airlines,Belgium,SN,082,082
Budapest Aircraft Service Kft.,Hungary,RP,,
Buddha Air Ltd.,Nepal,U4,,
Bul Air Ltd.,Bulgaria,LB*,,
Bulgaria Air JSC,Bulgaria,FB,623,623
Buraq Air dba Buraq Air,Libyan Arab Jamahiriya,UZ,928,928
CA HiSky SRL,Moldova, Republic of,H7,,
CA Terra Avia SRL,Moldova, Republic of,T8*,,357
Caicos Express Airways,Turks and Caicos Islands,9Q,,
CAIRE dba Air Antilles Express,French Guyana,3S,875,
Calm Air International Ltd.,Canada,MO,622,622
Cambodia Airways dba Cambodia Airways Co., Ltd,Cambodia,KR,733,
Cambodia Angkor Air t/a Cambodia Angkor Air Co., Ltd.,Cambodia,K6,188,188
Cameroon Airlines Corporation (Camair-Co),Cameroon,QC,040,
Canadian North Inc.,Canada,5T,518,518
Canary Fly, S.A.,Spain,PM,496,
Capiteq Limited dba Airnorth,Australia,TL*,935,935
Cargo Three, Inc. Cargo Tres Sociedad Anonima,Panama,C3*,,364
Cargojet Airways Ltd.,Canada,W8,,489
CargoLogic Germany GmbH,Germany,6L*,,342
Cargologicair Ltd,United Kingdom,P3*,,560
Cargolux Airlines International S.A,Luxembourg,CV,,172
Cargolux Italia S.p.A.,Italy,C8,,356
Caribbean Airlines Limited dba Caribbean Airlines Ltd.,Trinidad and Tobago,BW,106,106
Caribbean Sun Airlines, Inc. dba World Atlantic Airlines,UNITED STATES OF AMERICA,WL,,
Carpatair S.A.,Romania,V3,021,
Cathay Pacific Airways Ltd.,Hong Kong (SAR), China,CX,160,160
Cayman Airways Limited,Cayman Islands,KX,378,378
Cebgo, Inc dba Cebgo,Philippines,DG,931,
Cebu Air, Inc dba Cebu Pacific Air,Philippines,5J,203,203
CEIBA Intercontinental,Guinea,C2,304,304
Cemair (Pty) Ltd. t/a Cemair,South Africa,5Z,225,
Central Mountain Air Ltd.,Canada,9M,634,634
Chair Airlines AG,Switzerland,GM*,581,
Chalair Aviation,France,CE,980,
Challenge Airlines (BE) S.A.,Belgium,X7,,744
Challenge Airlines (IL) Ltd,Israel,5C,,700
Champlain Enterprises Inc. dba Commutair,UNITED STATES OF AMERICA,C5,841,841
Changan Airlines Limited Company,People's Republic of China,9H,856,856
Charlie Airlines Limited dba Cyprus Airways,Cyprus,CY,078,078
Charterlines, Inc.,UNITED STATES OF AMERICA,CQ*,,976
Chengdu Airlines,People's Republic of China,EU,811,811
China Airlines Ltd.,Chinese Taipei,CI,297,297
China Cargo Airlines Ltd.,People's Republic of China,CK,,112
China Central Airlines Co., Ltd.,People's Republic of China,I9,,959
China Central Longhao Airlines Co. Ltd,People's Republic of China,GI,,908
China Eastern Airlines,People's Republic of China,MU,781,781
China Express Airlines,People's Republic of China,G5,987,987
CHINA GENERAL AVIATION LTD,People's Republic of China,LL,939,
China Postal Airlines Ltd.,People's Republic of China,CF,,804
China Southern Airlines,People's Republic of China,CZ,784,784
China Travel Tours Transp Services Hong Kong Limited,Hong Kong (SAR), China,NN,,
China United Airlines,People's Republic of China,KN,822,822
Chongqing Airlines Co. Ltd,People's Republic of China,OQ,878,878
Chrono Jet Inc. dba GROUPE CHRONO AVIATION,Canada,MB*,,
Chu Kong Passenger Transport Co. Ltd.,Hong Kong (SAR), China,3A*,028,
CitizenPlane,France,1L,,
Cityjet,Ireland,WX,689,689
Closed Joint Stock Company "IrAero",Russian Federation,IO,154,
CM Airlines,Honduras,CC*,907,
CMA CGM AIR CARGO dba CMA CGM AIR CARGO,France,2C,,003
Coastal Travels Ltd.,Tanzania, United Republic of,CQ,,
Cobra Aviation (Pty) Ltd,South Africa,0C,,
Colorful GuiZhou Airlines Co., Ltd,People's Republic of China,GY,661,661
Comlux Aruba NV,Aruba,CS,,
Compagnie Aerienne ASKY dba ASKY,Togo,KP,032,032
Compagnie Africaine d'Aviation,Congo, Democratic Republic of,BU,883,
Compania De Aviacion Paraguaya S.A.,Paraguay,ZP,445,445
Compania de Servicios de Transporte Aereo Amaszonas - Amaszonas S.A,Bolivia,Z8*,464,
COMPANIA NATIONALA DE TRANSPORTURI AERIENE ROMANE TAROM S.A.,Romania,RO,281,281
Compania Operadora de Corto y Medio Radio Iberia Express, S.A.U,Spain,I2,060,060
Compania Panamena de Aviacion, S.A. (COPA),Panama,CM,230,230
Concesionaria Vuela Compania De Aviacion SA de CV (Volaris),Mexico,Y4*,036,036
Condor Flugdienst GmbH,Germany,DE,881,881
Congo Airways SA (CGA),Congo, Democratic Republic of,8Z,582,582
Conquest Air, Inc.,UNITED STATES OF AMERICA,C4,,340
CONVIASA,Venezuela,V0,308,308
Corendon Dutch Airlines B.V.,Netherlands,CD,,503
Corporate Flight Management Inc dba Contour Airlines,UNITED STATES OF AMERICA,LF,522,
Corsair t/a Corsair International,France,SS,923,923
Costa Rica Green Airways S.R.L dba Costa Rica Green Airways S.R.L,Costa Rica,GW,,
Coyne Airways Ltd,United Kingdom,7C*,,575
Croatia Airlines,Croatia,OU,831,831
Cronos Airlines,Equatorial Guinea,C8*,498,
CSafe Global,United Kingdom,7K*,,
CTW Consulting,Bulgaria,1W,,
Cubana de Aviacion S.A.,Cuba,CU,136,136
Czech Airlines a.s,. CSA,Czech Republic,OK,064,064
Daallo Airlines,United Arab Emirates,D3,991,991
Daallo Airlines(Somalia),Somalia,D9,201,
Dac International Airlines Limited dba PassionAir,Ghana,OP,213,
Dana Airlines Limited dba Dana Airlines Limited,Nigeria,9J,234,
Darwin Travel Technology, Inc.,UNITED STATES OF AMERICA,N1,,
Das Nordisk Ltd.,Hong Kong (SAR), China,DS*,,
DAT A/S,Denmark,DX*,243,
Delta Air Lines, Inc.,UNITED STATES OF AMERICA,DL,006,006
Delux Public Charter LLC dba JSX Air,UNITED STATES OF AMERICA,XE,569,
Deutsche Bahn AG,Germany,2A*,,
Department of National Defence,Canada,YF,,
Deutsche Lufthansa AG,Germany,LH,220,220
DHL Aero Expreso S.A.,Panama,D5*,,992
DHL Air (Austria) GmbH,Austria,Q7*,,
DHL Air Limited,United Kingdom,D0,,936
DHL de Guatemala S.A.,Guatemala,L3*,,947
DHL Aviation EEMEA B.S.C.(c),Bahrain,ES*,,155
Divi Divi Air N.V.,Curacao,3R,,
Dokasch GmBH,Germany,3D*,,
Donghai Airlines Co., Ltd,People's Republic of China,DZ,893,893
DreamJet SAS t/a La Compagnie,France,B0,002,002
Druk Air Corporation Limited (Royal Bhutan Airlines),Bhutan,KB,787,787
DXC TECHNOLOGY SERVICES LLC,UNITED STATES OF AMERICA,1Y,095,
Eastern Airlines, LLC,UNITED STATES OF AMERICA,2D,054,054
Easy Charter,Georgia,RD*,,311
Easyfly S.A.,Colombia,VE,246,
easyJet Europe Airline GmbH,Austria,EC*,,
Easyjet Switzerland S.A,Switzerland,DS,,
EASYJET UK LIMITED,United Kingdom,U2,,
Edelweiss Air AG,Switzerland,WK,,945
Egypt Air Holding Company dba Air Sphinx,Egypt,4D,,
Egyptair dba Egyptair Airlines,Egypt,MS,077,077
El Al Israel Airlines Ltd. dba EL AL,Israel,LY,114,114
Elitavia Malta Limited,Malta,MA*,,
Elite Airways LLC,UNITED STATES OF AMERICA,7Q,087,
Emerald Airlines Ireland Limited,Ireland,EA,,
Emirates,United Arab Emirates,EK,176,176
Empire Airlines,UNITED STATES OF AMERICA,EM,,
Endeavor Air,UNITED STATES OF AMERICA,9E,430,430
Enter Air Spolka z.o.o.,Poland,E4*,,
Envirotainer AB,Sweden,PC*,,
Equaflight Service dba Equaflight Service,Congo,E7,965,
Envoy Air Inc.,UNITED STATES OF AMERICA,MQ,093,093
EQUINOXAIR S.A.S.,Ecuador,HN,249,
Eritrean Airlines s.c. dba Eritrean Airlines s.c.,Eritrea,B8,637,637
Erofey Limited Liability Company,Russian Federation,RF*,,358
Estafeta Carga Aerea, S.A. de C.V,Mexico,E7*,,355
Estelar Latinoamerica C.A. dba Estelar,Venezuela,ES,052,
ETF Airways d.o.o.,Croatia,LI*,,
Ethiopian Airlines Group dba Ethiopian Airlines,Ethiopia,ET,071,071
Etihad Airways dba Etihad,United Arab Emirates,EY,607,607
Euroairlines, S.L.,Spain,Q4,291,291
EuroAtlantic Airways,Portugal,YU,551,551
European Air Charter Jsc. dba NIL,Bulgaria,H6,,
European Air Transport Leipzig,Germany,QY,,615
European Cargo Limited,United Kingdom,SE,,436
European Cargo Services BV,Netherlands,EJ*,,
Eurostar International Limited,United Kingdom,9F*,814,
Eurowings Europe GmbH,Austria,E2,,
Eurowings GmbH,Germany,EW,104,104
EVA Airways Corporation,Chinese Taipei,BR,695,695
Evelop Airlines S.L. dba Iberojet Airlines,Spain,E9,783,783
EW Discover GmbH,Germany,4Y,693,
EWA Air,Mayotte,ZD,732,732
Exploits Valley Air Services,Canada,8K*,,
Express Air Cargo,Tunisia,7A,,336
EXPRESS FREIGHTERS AUSTRALIA PTY LI,Australia,QE,,
ExpressJet Airlines, Inc.,UNITED STATES OF AMERICA,EV,,
EZ Air BV,Curacao,7Z,,
EZNIS AIRWAYS LLC,Mongolia,MG,116,116
F.B. Lineas Aereas SA,Argentina,FO,,
Farelogix Inc.,UNITED STATES OF AMERICA,F1,941,
Fast Colombia S.A.S dba VIVAAIR,Colombia,VH,641,641
Fastjet Zimbabwe,Zimbabwe,FN,334,
Federal Airlines (Pty) Ltd,South Africa,7V,739,
FedEx,UNITED STATES OF AMERICA,FX,,023
Finnair Oyj,Finland,AY,105,105
FITS Aviation (Pvt) Ltd,Sri Lanka,8D,,319
Flair Airlines Ltd.,Canada,F8,,
FlexFlight ApS,Denmark,W2,365,
Flightlink Limited,Tanzania, United Republic of,YS,,
Flugfelag Islands ehf,Iceland,NY,,
Fly Airline Peru S.A.C,Peru,H8,609,
Fly Always N.V. dba Fly Always,Suriname,8W,,
FLY AO-LINHAS AEREAS, LIMITADA dba FLY ANGOLA,Angola,EQ,,
Fly Baghdad Airline dba FBA,Iraq,IF,017,
Fly Branson Travel dba Branson Air Express,UNITED STATES OF AMERICA,1X,,
Fly Gangwon Co., Ltd.,Korea, Republic of,4V,884,
Fly One S.R.L.,Moldova, Republic of,5F,130,130
Fly OYA International dba FLY OYA,Libyan Arab Jamahiriya,YI,854,
Fly Play hf.,Iceland,OG,,224
Fly Pro SRL,Moldova, Republic of,FP*,,315
Fly2Sky Ltd.,Bulgaria,F6,,
flyadeal,Saudi Arabia,F3,,
Flyafrica Zimbabwe (PVT) Ltd,Zimbabwe,ZC,,
Flybe Limited dba Flybe,United Kingdom,BE,,
FLYBOSNIA DOO,Bosnia and Herzegovina,6W,,
FlyEgypt,Egypt,FT,171,
Flydubai dba Dubai Aviation Corporation "FLYDUBAI",United Arab Emirates,FZ,141,141
FlyFirefly Sdn. Bhd dba Firefly,Malaysia,FY,918,
FLYGTA INC.,Canada,SX,,013
Flynas Company Closed Joint Stock owned by (NAS Holding) JSC,Saudi Arabia,XY,593,593
FLYONE ARMENIA Limited Liability Co,Armenia,3F,,379
Flyr AS, Part-OPS,Norway,FS,,
Freebird Airlines,Turkey,FH,349,
Freebird Airlines Europe Ltd.,Malta,MI*,,
FREEDOM AIRLINE EXPRESS LTD,Kenya,4F,,
French Bee dba French Bee,France,BF,396,396
Frontier Airlines, Inc.,UNITED STATES OF AMERICA,F9,422,422
Fuji Dream Airlines Co. Ltd,Japan,JH,,
Fuzhou Airlines Co., Ltd,People's Republic of China,FU,666,666
Galistair Trading Ltd,Malta,,,751
Gazpromavia Aviation Company Ltd.,Russian Federation,4G*,579,
Genghis Khan Airlines Co., Ltd,People's Republic of China,9D,568,568
Georgian Airlines LLC dba Aircompany Georgian Airlines,Georgia,GH,,800
Georgian Airways,Georgia,A9,606,606
German Airways GmbH & Co.KG,Germany,ZQ,,944
GetJet Airlines,Lithuania,GW*,,059
Ghadames Air Transport,Libyan Arab Jamahiriya,NJ,,
Ghodawat Enterprises Pvt.Ltd. dba Ghodawat Enterprises,India,S5,,
Global Air Transport dba Global Air Transport,Libyan Arab Jamahiriya,5S,301,301
Global Aviation Operations (PTY)Ltd,South Africa,GE,,
Global Crossing Airlines, Inc,UNITED STATES OF AMERICA,G6*,,402
Global Feeder Services, LLC,UNITED STATES OF AMERICA,GC,,282
Go Airlines (India) Limited,India,G8*,879,879
Go2Sky, spol s r.o.,Slovakia,6G,,
GoJet Airlines LLC,UNITED STATES OF AMERICA,G7,573,573
GOL Linhas Aereas S.A.,Brazil,G3,127,127
Golden Myanmar Airlines Public Co. Ltd dbaGolden Myanmar Airlines Public Co.Ltd,Myanmar,Y5,509,509
GP Aviation Ltd,Bulgaria,IV,,
Grand Canyon Airlines, Inc. dba Scenic Airlines,UNITED STATES OF AMERICA,YR,,
Grand China Air Co. , Ltd.,People's Republic of China,CN,895,895
Grant Aviation, Inc.,UNITED STATES OF AMERICA,GV*,,
Greater Bay Airlines Company Limite,Hong Kong (SAR), China,HB,283,
Green Africa Airways Limited,Nigeria,Q9,,
Groupe Transair S.A,Senegal,R2,812,
GSEC Monarch and Deccan Aviation Pr Limited DBA IndiaOne Air,India,I7,,
Guangxi Beibu Gulf Airlines Co.,Ltd,People's Republic of China,GX,872,872
Gulf & Caribbean Cargo, Inc,UNITED STATES OF AMERICA,IF*,,611
Gulf Air B.S.C. (c),Bahrain,GF,072,072
Gullivair Ltd. dba Gullivair,Bulgaria,G2,,
Hahn Air Lines GmbH,Germany,HR,169,169
Hahn Air Systems,Germany,H1,,
Hahn Air Technologies GmbH,Germany,X1,,
Hainan Airlines Holding Company Limited,People's Republic of China,HU,880,880
Hala Air,Libyan Arab Jamahiriya,HY*,,
Harbour Air Ltd.,Canada,YB,,
Hawaiian Airlines, Inc.,UNITED STATES OF AMERICA,HA,173,173
Hebei Airlines Co., Ltd.,People's Republic of China,NS,836,836
Heli Air Monaco,Monaco,YO,,
Heli Securite Helicopter Airline,France,HS,,
Hello Jets S.R.L.,Romania,H3,,
Helvetic Airways AG,Switzerland,2L,102,
HI AIR Co., Ltd.,Korea, Republic of,4H,,
Hi Fly Ltd,Malta,3L*,,
Himalaya Airlines Pvt. Ltd.,Nepal,H9,769,769
Hibernian Airlines,Ireland,HG*,,
Hinterland Aviation Pty Ltd,Australia,OI,,
HiSky Europe SRL,Romania,H4,,
Hitit Bilgisayar Hizmetleri A.S.,Turkey,1T,,
Hong Kong Air Cargo Carrier Limited,Hong Kong (SAR), China,RH,,828
Hong Kong Airlines Limited,Hong Kong (SAR), China,HX,851,851
Hong Kong Express Airways Limited,Hong Kong (SAR), China,UO,128,128
HOP!,France,A5,163,
Hopscotch Air, Inc,UNITED STATES OF AMERICA,O2,764,
Hunnu Air LLC,Mongolia,MR,861,861
Horizon Air Industries, Inc.,UNITED STATES OF AMERICA,QX,481,481
Hyannis Air Service, Inc. d/b/a Cape Air,UNITED STATES OF AMERICA,9K,306,
IATA Montreal,Canada,XB,,
IBC Airways, Inc.,UNITED STATES OF AMERICA,II,,175
Iberia Lineas Aereas de Espana S.A. Operadora,Spain,IB,075,075
IBEX Airlines Co., Ltd.,Japan,FW,,
Ibom Airlines Limited,Nigeria,QI,,
IBS Software Services Americas, Inc,UNITED STATES OF AMERICA,V1,,
Icelandair ehf.,Iceland,FI,108,108
Iliamna Air Taxi Inc.,UNITED STATES OF AMERICA,V8*,,
INFINI Travel Information, Inc.,Japan,1F,788,
INNOAVIATION LIMITED,Hong Kong (SAR), China,I3,,
InteliSys Aviation Systems (2013) I,Canada,1Q,,
interCaribbean Airways, Ltd.,Turks and Caicos Islands,JY,653,
Interglobe Aviation Ltd. dba IndiGo,India,6E*,312,312
InterJet West, Inc.,UNITED STATES OF AMERICA,K8*,,
Intermodalidad de Levante S.A.,Spain,I6,185,
International Air Transport Association (IATA),Canada,XB,726,726
International Air Transport Association (IATA),Canada,XB,955,955
International Air Transport Association (IATA),Canada,XB,952,952
International Air Transport Association (IATA),Canada,XB,956,956
International Air Transport Association (IATA),Canada,XB,719,719
International Air Transport Association (IATA),Canada,XB,954,954
International Air Transport Association (IATA),Canada,XB,748,748
International Air Transport Association (IATA),Canada,XB,721,721
International Air Transport Association (IATA),Canada,XB,736,736
Iran Air,Iran,IR,096,096
Iran Airtour Airline,Iran,B9,491,491
Iran Aseman Airlines,Iran,EP,815,815
Iraqi Airways dba I A W,Iraq,IA,073,
Island Aviation Services Ltd.,Maldives,Q2,986,986
Israir Airlines and Tourism Ltd. dba Israir,Israel,6H,818,
ITA Software Inc.,UNITED STATES OF AMERICA,1U,968,
Italia Trasporto Aereo S.p.A. dba ITA S.p.A,Italy,AZ,055,055
Izhavia Public Stock Company,Russian Federation,I8,025,
J AND M Alaska Air Tours Inc. dba Alaska Air Transit,UNITED STATES OF AMERICA,JN,,
Jambojet Limited,Kenya,JM,702,702
Japan Air Commuter Co., Ltd.,Japan,JC,,
Japan Airlines Co., Ltd.,Japan,JL,131,131
Japan Transocean Air Co. Ltd.,Japan,NU,353,353
Jazeera Airways,Kuwait,J9*,486,486
Jazz Aviation LP,Canada,QK,983,983
JC (Cambodia) International Airlines,Cambodia,QD,009,
Jeju Air Co. Ltd.,Korea, Republic of,7C,806,
Jet Airways (India) Limited,India,9W,,
Jet Airways Inc.,UNITED STATES OF AMERICA,QJ,,508
Jet Aviation Business Jets AG,Switzerland,PP,,
Jet Exchange Limited,United Kingdom,UH,,
Jet Linx Aviation, LLC.,UNITED STATES OF AMERICA,JL*,,
Jet Ops dba Jet Ops,United Arab Emirates,J6*,,
JET UP AVIATION LLC,UNITED STATES OF AMERICA,JU*,,
Jet2.com Limited,United Kingdom,LS,949,949
Jetblue Airways Corporation,UNITED STATES OF AMERICA,B6*,279,
JetSMART Airlines Peru S.A.C.,Peru,JZ,981,
Jetsmart Airlines S.A.,Argentina,WJ,974,
JETSMART SpA,Chile,JA,973,
Jetstar Airways Pty Limited,Australia,JQ,041,
Jetstar Asia Airways Pte Ltd,Singapore,3K*,,375
Jetstar Japan Co., Ltd.,Japan,GK,798,
Jettainer GmbH,Germany,JE*,,
Jiangxi Air Company Limited dba Jiangxi Air,People's Republic of China,RY,989,989
Jin Air Co. Ltd,Korea, Republic of,LJ,718,
Joint Stock Aviation Company "RusLine",Russian Federation,7R,362,
Joint Stock Company "Ural Airlines",Russian Federation,U6,262,262
Joint Stock Company Aircompany "Yakutia",Russian Federation,R3,849,849
Joint Stock Company Red Wings,Russian Federation,WZ,309,
Joint Stock Company Smartavia Airlines,Russian Federation,5N,316,316
Joint-Stock Company "Azimuth Airlines",Russian Federation,A4,222,
Joint-Stock Company "Yamal Airlines,Russian Federation,YC,664,664
Joint-Stock Company Aurora Airlines,Russian Federation,HZ,598,598
Joint-stock company NordStar Airlines dba NORDSTAR,Russian Federation,Y7,476,476
Jordan Aviation dba Jordan Aviation Airlines,Jordan,R5,151,151
Joy Air,People's Republic of China,JR,929,929
JR Technologies Ireland,Ireland,1R,,
JSC "Avion Express",Lithuania,X9,,
JSC "DAT LT" dba DAT,Lithuania,R6,,
JSC "Sirena-Travel",Russian Federation,1H,446,
JSC AIR ASTANA,Kazakhstan,KC,465,465
JSC Aircompany SCAT,Kazakhstan,DV,655,655
JSC for Air Traffic-Air Serbia Belgrade t/a Air Serbia a.d Beograd,Serbia,JU,115,115
JSC Royal Flight Airlines,Russian Federation,RL,750,750
JSC Siberia Airlines dba S7 airlines,Russian Federation,S7,421,421
JSC UVT AERO,Russian Federation,RT,,
Jubba Airways Limited,Kenya,3J,535,535
Juneyao Airlines Co,. Ltd.,People's Republic of China,HO,018,018
K-Mile Air Co. Ltd dba K-Mile Air,Thailand,8K,,119
Kalinin Aviation, L.L.C. Alaska Seaplane Service, L.L.C.,UNITED STATES OF AMERICA,J5,,
Kalitta Air, LLC,UNITED STATES OF AMERICA,K4,,272
Kalitta Charters II LLC,UNITED STATES OF AMERICA,K5*,,
Kalitta Charters, L.L.C.,UNITED STATES OF AMERICA,K9*,,
Kam Air dba Kam Air,Afghanistan,RQ*,384,384
KAMPALA AEROCLUB AND FLIGHT TRAINING CENTER dba BAR AVIATION LIMITED,Uganda,HE,,
Kelowna Flightcraft Air Charter Ltd dba KF Cargo,Canada,FK,,758
Kenmore Air,UNITED STATES OF AMERICA,M5*,,
Kenya Airways Plc,Kenya,KQ,706,706
Key Lime Air Corporation,UNITED STATES OF AMERICA,KG,494,
KLM,Netherlands,KL,074,074
KLM Cityhopper,Netherlands,WA,,
Korean Air Lines Co. Ltd.,Korea, Republic of,KE,180,180
Kunming Airlines Co., Ltd.,People's Republic of China,KY,833,833
Kuwait Airways dba Kuwait Airways,Kuwait,KU,229,229
LAM - Linhas Aereas de Mocambique SA dba LAM, SA,Mozambique,TM,068,068
Lan Cargo S.A. dba LATAM Cargo Chile,Chile,UC,,145
Lanmei Airlines (Cambodia) Co.,Ltd,Cambodia,LQ,961,961
Lao Airlines,Lao People's Democratic Republic,QV,627,627
Lao Skyway dba Commercial Air Transport and Charter,Lao People's Democratic Republic,LK,,
LATAM Airlines Group S.A. dba LATAM Airlines Group,Chile,LA,045,045
LATAM Airlines Peru S.A.,Peru,LP,544,544
Lauda Europe Ltd,Malta,LW,,
LEAV Aviation GmbH,Germany,KK,,
Les Investissements Nolinor Inc.,Canada,N5,817,
LIAT (1974) Ltd.,Antigua and Barbuda,LI,,
LIBYAN AIRLINES dba LIBYAN AIRLINES,Libyan Arab Jamahiriya,LN,148,148
Libyan Wings Airline JSC,Libyan Arab Jamahiriya,YL,368,
Limited Liability Company ''GloBus",Russian Federation,XT,,
Limited Liability Company "Abakan Air" d ba "Abakan Air",Russian Federation,S5*,,917
Limited Liability Company "Aircompa ZetAvia" dba "Aircompany ZetAvia",Ukraine,ZK*,,686
Limited Liability Company Aviation Company Eleron,Ukraine,WD*,,352
Limited Liability Company Bees Airline,Ukraine,7B,,517
Linea Aerea Carguera De Colombia SA,Colombia,L7,,985
Linea Aerea De Servicio Ejecutivo Regional, C.A. dba Laser,Venezuela,QL*,782,782
Lineas Aereas Suramericanas SA "LAS S.A.",Colombia,4L,,174
Link Conexion Aerea S.A. de C.V,Mexico,YQ,,
LLC "Aircompany "Ikar" dba Pegas Fly,Russian Federation,EO,770,770
LLC "Nord Wind",Russian Federation,N4,216,216
LLC "SKYUP AIRLINES",Ukraine,PQ,,010
LLC Air company AeroStan dba LLC Air company AeroStan,Kyrgyzstan,KW*,,321
LLP Air company Jupiter Jet,Kazakhstan,IM*,,707
Loganair Limited,United Kingdom,LM,682,682
LOGIC PAQ BTD, S.R.L dba Sky Cana,Dominican Republic,RD,440,
LongJiang Airlines Co.,Ltd.,People's Republic of China,LT,867,867
Longtail Aviation International Limited,Bermuda,6T,,388
LOT Polish Airlines,Poland,LO,080,080
LTD I Fly,Russian Federation,F7,757,757
Lucky Air Co. Ltd.,People's Republic of China,8L*,859,859
Lufthansa Cargo AG,Germany,LH,,020
Lufthansa CityLine GmbH,Germany,CL,683,683
Lufthansa Systems GmbH & Co. KG,Germany,S1,,
Lulutai Airlines Limited dba Lulutai Airlines,Tonga,L8,,
Lumiwings S.A dba Lumiwings,Greece,L9,,
Luxair,Luxembourg,LG,149,149
Luxwing Ltd,Malta,BN,,
Lynden Air Cargo, LLC,UNITED STATES OF AMERICA,L2,,344
M Jets International Sdn Bhd dba Kargo Xpress,Malaysia,WW*,,313
M/S Airblue Limited,Pakistan,PA,084,084
MAE Aircraft Management WLL,Bahrain,MA,,723
Magnum. Air, Inc dba Skyjet,Philippines,M8,,
Mahan Air,Iran,W5,537,537
Malawi Airlines,Malawi,3W*,529,529
Malaysia Airlines Berhad dba Malaysia Airlines,Malaysia,MH,232,232
MALETH-AERO AOC LIMITED,Malta,DB,,094
Malindo Airways Sdn Bhd dba Batik Air Malaysia,Malaysia,OD,816,
Malta Air Travel Ltd dba Malta MedAir,Malta,MT,,
Mandarin Airlines Ltd.,Chinese Taipei,AE,803,803
Mann Yadanarpon Airlines Co. Ltd.,Myanmar,7Y,,
Manta Aviation Pvt Ltd,Maldives,NR,,
MAP Linhas Aereas,Brazil,7M,,
Martinair Holland N.V.,Netherlands,MP,,129
MASwings Sdn Bhd dba MASwings,Malaysia,MY,819,
Mauritanian Airlines,Mauretania,L6,495,495
Max Air Limited,Nigeria,VM,,
Maximus Airlines Limited Liability Company,Ukraine,6M,,387
Maya Island Air,Belize,2M,391,
MCS Aerocarga de Mexico, S.A. de CV,Mexico,T2*,,137
Mel Air Limited,Malta,5M*,,
Mercury Air Cargo, Inc.,UNITED STATES OF AMERICA,4X*,,805
Mercury ULD Limited,Hong Kong (SAR), China,K8,,
Meregrass, Inc.,UNITED STATES OF AMERICA,WC,,
Mesa Airlines, Inc.,UNITED STATES OF AMERICA,YV,533,533
MetroJets, LLC,UNITED STATES OF AMERICA,7N,,007
MHS Aviation GmbH,Germany,M2,,
Miami Air International,UNITED STATES OF AMERICA,LL*,,
MIAT Mongolian Airlines,Mongolia,OM,289,289
Middle East Airlines AirLiban,Lebanon,ME,076,076
MNG Havayollari Tasimacilik A.S.,Turkey,MB,,716
Moalem Aviation Aircompany Limited Liability Company,Kyrgyzstan,2Y,,385
Modern Transporte Aereo de Carga SA dba Modern Logistics,Brazil,WD,,372
Monacair,Monaco,QM,,
Mongolian Airways Cargo LLC,Mongolia,XF,848,848
Montserrat Airways Limited dba Fly Montserrat,Montserrat,5M,,
Motor-Sich JSC,Ukraine,M9,011,011
Multi-Aero, Inc. dba Air Choice One,UNITED STATES OF AMERICA,3E,122,
My Jet Xpress Airlines Sdn.Bhd.,Malaysia,N7*,,264
Myanmar Airways International Company Limited,Myanmar,8M,599,599
Myanmar National Airlines dba Myanmar National Airlines,Myanmar,UB*,665,
Myway Airlines Co.,LTD,Georgia,MJ,669,669
National Air Cargo Group, Inc. dba National Airlines,UNITED STATES OF AMERICA,N8,416,416
National Air Charters, Inc.,UNITED STATES OF AMERICA,JY*,,420
Nauru Air Corporation dba Nauru Airlines,Australia,ON,123,123
Navitaire,UNITED STATES OF AMERICA,1N,892,
Neos S.P.A.,Italy,NO*,703,703
Nepal Airlines Corporation,Nepal,RA,285,285
Nesma Airlines,Egypt,NE,477,
Nesma Airlines Company Ltd. dba Nesma Airlines,Saudi Arabia,NA,646,
NetJets Aviation, Inc.,UNITED STATES OF AMERICA,1I,,
Niger Air Cargo,Niger,NO,,519
Niger Airlines S.A.,Niger,6N,,
Nile Air,Egypt,NP,325,325
Nippon Cargo Airlines,Japan,KZ,,933
Nok Airlines Public Company Limited dba Nok Air,Thailand,DD,596,596
Nordic Aviation Group AS dba Nordica,Estonia,ND,121,
Nordic Regional Airlines Oy,Finland,N7,,
Norse Atlantic Airways AS,Norway,N0,,506
North-Western Cargo International Airlines Co., Ltd.,People's Republic of China,CO,,966
North-Wright Airways Ltd.,Canada,HW,,
Northern Air Cargo, LLC.,UNITED STATES OF AMERICA,NC*,,345
Northern Pacific Airways dba Ravn Alaska,UNITED STATES OF AMERICA,7H,808,808
Northwestern Air Lease Ltd.,Canada,J3,,
Norwegian Air Norway AS,Norway,DH*,,
Norwegian Air Shuttle AOC AS,Norway,DY,328,328
Norwegian Air Sweden AB,Sweden,LE,348,348
Norwegian Air Sweden AOC AB,Sweden,D8,329,
Nouvelair Tunisie,Tunisia,BJ,796,796
Nova Airlines AB,Sweden,N9*,,326
Novoair Limited,Bangladesh,VQ,855,855
NyxAir OU,Estonia,OJ,,
OAG Worldwide.,UNITED STATES OF AMERICA,XD,,
OJSC "Komiaviatrans",Russian Federation,KO,,
OJSC "Tajik Air",Tajikistan,7J,502,
Okay Airways Company Limited,People's Republic of China,BK,866,866
Olympic Air,Greece,OA,050,050
Oman Air (S.A.O.C),Oman,WY,910,910
Omni Air International, Inc.,UNITED STATES OF AMERICA,OY*,,
OMNI-BLU AVIATION LIMITED dba OMNI-BLU,Nigeria,O7,717,
One Airways, S.A.U. dba One Airways,Spain,OX,167,
Online Reservation System JSC,Russian Federation,1M,538,
OOO "Atran ",Russian Federation,V8,868,868
Open Joint Stock Company "ALROSA" (Mirny Air Enterprise),Russian Federation,6R,,
Open Joint Stock Company "Angara Airlines",Russian Federation,2G,735,
Orbest S.A.,Portugal,6O,182,
Oriental Air Bridge Co., Ltd.,Japan,OC,,
OTT AIRLINES CO., LTD,People's Republic of China,JF,,
Overland Airways Limited,Nigeria,OF,,
Pacific Airlines / Pacific Airlines Aviation JSC,Viet Nam,BL,550,550
Pacific Coastal Airlines Limited,Canada,8P,905,
Pakistan International Airlines Corporation Limited,Pakistan,PK,214,214
PAKLOOK AIR INC.,UNITED STATES OF AMERICA,K2,,
PAL Airlines LTD. dba Provincial Airlines/PAL Airline,Canada,PB,967,967
Panama Airways,Panama,8A,,691
Papillon Airways, Inc.,UNITED STATES OF AMERICA,HI,,
Passaredo Transportes Aereos S.A.,Brazil,2Z,678,
Peach Aviation Limited,Japan,MM,,
Pegasus Hava Tasimaciligi A.S.,Turkey,PC,624,624
Pelican Airlines Pty Ltd dba Flypelican,Australia,FP,166,
Pelita Air Service, Pt,Indonesia,IP,,
Perimeter Aviation LP dba Bearskin Airlines,Canada,JV,632,632
PETROLEUM AIR SERVICES,Egypt,UF,505,
Philippine Airlines, Inc.,Philippines,PR,079,079
Philippines AirAsia, INC. dba AirAsia,Philippines,Z2,457,457
PHOENIX AIR GROUP, INC.,UNITED STATES OF AMERICA,PH*,,
Piedmont Airlines, Inc. (U S Airways Express),UNITED STATES OF AMERICA,PT,531,
Pionair Australia Pty Ltd,Australia,PH,,
PJSC Aeroflot,Russian Federation,SU,555,555
PJSC Airline Ukraine-Airalliance,Ukraine,,,271
Plus Ultra Lineas Aereas, S. A.,Spain,PU,663,663
PNG Air Limited,Papua New Guinea,CG*,626,626
Polar Air Cargo Worldwide, Inc.,UNITED STATES OF AMERICA,PO,,403
Polar Airlines OJSC,Russian Federation,PI,545,
Polynesian Limited dba Samoa Airways,Samoa,OL,162,162
Porter Airlines Inc.,Canada,PD,451,451
Portugalia - Companhia Portuguesa de Transportes Aereos SA,Portugal,NI,685,685
Poste Air Cargo s.r.l. dba Poste Air Cargo,Italy,M4,,408
Precision Air Services Plc,Tanzania, United Republic of,PW,031,
Premier Trans Aire Inc.,UNITED STATES OF AMERICA,3X*,,435
Premium Jet AG,Switzerland,0J,,254
Prescott Support Company,UNITED STATES OF AMERICA,PM*,,
PRIVATE CORPORATION INTERNATIONAL JOINT-STOCK AVIATION COMPANY 'URGA',Ukraine,3N*,746,746
Private Stock Company "Ukraine International Airlines" dba UIA,Ukraine,PS,566,566
Privilege Style S.A.,Spain,P6,433,433
Proflight Commuter Services Limited dba Proflight Zambia,Zambia,P0,659,
PSA Airlines, Inc. (US Airways Express),UNITED STATES OF AMERICA,OH,320,
PSI AIR 2007, INC.,Philippines,CM*,,520
PT Rimbun Abadi Aviasi dba RIMBUN AIR,Indonesia,RI,,273
PT. Batik Air Indonesia dba Batik Air,Indonesia,ID,938,
PT. Citilink Indonesia dba Citilink,Indonesia,QG,,
PT. Garuda Indonesia (PERSERO) Tbk dba Garuda Indonesia,Indonesia,GA,126,126
PT. Indonesia AirAsia dba AirAsia X Indonesia,Indonesia,QZ,975,975
PT. LION MENTARI AIRLINES dba Lion Airlines,Indonesia,JT*,990,
PT. My Indo Airlines,Indonesia,2Y*,,585
PT. Nam Air dba Nam Air,Indonesia,IN,274,
PT. Sqiva Sistem,Indonesia,Q1,,
PT. Sriwijaya Air dba Sriwijaya Air,Indonesia,SJ,977,977
PT. Super Air Jet,Indonesia,IU,920,
PT. Transnusa Aviation Mandiri,Indonesia,8B,,
PT. Wings Abadi dba Wings Air,Indonesia,IW,513,
PT.Trigana Air Service,Indonesia,IL,,
PT.Tri-MG Intra Asia Airlines,Indonesia,GM,,
Public Charters, Inc. dba Regional Sky,UNITED STATES OF AMERICA,4P,351,
Qanot Sharq LLC,Uzbekistan,HH,595,
Qantas Airways Ltd.,Australia,QF,081,081
Qatar Airways (Q.C.S.C.),Qatar,QR,157,157
Qazaq Air JSC,Kazakhstan,IQ,720,
Qeshm Air,Iran,QB,237,237
Qingdao Airlines Co., Ltd,People's Republic of China,QW,912,912
Qingdao Haier Biomedical Technology Ltd.,People's Republic of China,6U,,
Radixx Solutions International, Inc,UNITED STATES OF AMERICA,1D,,
RAF-AVIA A/S,Latvia,MT*,,
Raya Airways Sdn. Bhd. dba Raya Airways,Malaysia,TH,,539
RED AIR SRL,Dominican Republic,L5,377,
Redemption Inc.,UNITED STATES OF AMERICA,2O*,,
Regional Air Services Limited,Tanzania, United Republic of,8N,,
Regional Express Americas SAS,Colombia,EX,039,
REGIONAL EXPRESS PTY LIMITED,Australia,ZL,899,899
Regional Jet Ou dba Xfly,Estonia,EE,,
Regourd Aviation (dba AMELIA),France,8R,948,
Renfe Viajeros Sociedad Mercantil Estatal SA,Spain,4R,,
Republic Airways Inc,UNITED STATES OF AMERICA,YX,453,453
Rhoades Aviation Inc.,UNITED STATES OF AMERICA,T4*,,
Romcargo Airlines S.R.L,Romania,NJ*,,690
Rossiya Airlines JSC,Russian Federation,FV,195,195
Rotana Jet Aviation dba Rotana Jet,United Arab Emirates,RG,482,
Royal Air Charter Service Inc. dba Royal Air,Philippines,RW,869,
Royal Air Charters,Zambia,3Q,,
Royal Air Maroc,Morocco,AT,147,147
Royal Brunei Airlines Sdn. Bhd. dba Royal Brunei Airlines,Brunei Darussalam,BI,672,672
Ruili Airlines Co. Ltd.,People's Republic of China,DR,299,
Rutas Aereas, C.A. dba RUTACA,Venezuela,5R,,
RwandAir Limited,Rwanda,WB,459,459
Ryanair Ltd.,Ireland,FR,,
Ryanair Sun S.A.,Poland,RR,,
Ryanair UK Ltd,United Kingdom,RK,,
Sabre Asia Pacific Pte. Ltd.,Singapore,1B,776,
Sabre Inc.,UNITED STATES OF AMERICA,1S,153,
SAC (K) Limited,Kenya,K3,645,645
Safair Operations (Proprietary) Ltd dba Safair,South Africa,FA,640,640
Safari Express Cargo Ltd,Kenya,ZF*,,925
Safarilink Aviation LTD,Kenya,F2*,705,
Saffron Aviation (Pvt) Ltd dba Cinnamon Air,Sri Lanka,C7,,
Saint Barth Commuter,Guadeloupe,PV*,,
Salam Air (S.A.O.C),Oman,OV,,960
SATA Internacional - Azores Airlines, S.A.,Portugal,S4,331,331
SATA (Air Acores),Portugal,SP,737,737
SATCO, INC.,UNITED STATES OF AMERICA,S3,,
Saudi Arabian Airlines Corporation,Saudi Arabia,SV,065,065
Scandinavian Airlines Ireland Limited dba SAS Connect,Ireland,SL*,,
Scandinavian Airlines System (SAS),Sweden,SK,117,117
Scoot Pte. Ltd dba Scoot,Singapore,TR,668,668
Scott Air, LLC dba Island Air Express,UNITED STATES OF AMERICA,I4,,
Seaborne Airlines,Puerto Rico,BB*,376,
Sepehran Airlines,Iran,IS,714,
Serene Air (PVT.) Limited,Pakistan,ER,092,
Servicio Aereo a Territorios Nacion "SATENA",Colombia,9R*,019,
Servicios Aereos GECA S.A dba GECA,Dominican Republic,D6,,
Servicios Aereos Nacionales S.A. SANSA,Colombia,RZ*,,
Seven Four Eight Air Services(K)Ltd,Kenya,FE,874,874
Severstal Aircompany Ltd,Russian Federation,D2*,103,
SF Airlines Company Limited,People's Republic of China,O3,,921
Shandong Airlines,People's Republic of China,SC,324,324
Shanghai Airlines Co. Ltd.,People's Republic of China,FM,774,774
Shenzhen Airlines,People's Republic of China,ZH,479,479
Sharp Aviation Pty. Ltd t/a Sharp Airlines,Australia,SH,,
SHREE AIRLINES Pvt. Ltd.,Nepal,N9,,
Shun Tak-China Travel Ship Mgmt. Ltd,Hong Kong (SAR), China,8S*,802,802
Sichuan Airlines Co. Ltd.,People's Republic of China,3U,876,876
Sierra Pacific Airlines, Inc.,UNITED STATES OF AMERICA,SI*,,
Silk Way Airlines LLC,Azerbaijan,ZP*,,463
Silk Way West Airlines LLC,Azerbaijan,7L*,,501
Silver Airways Corp,UNITED STATES OF AMERICA,3M,449,449
Singapore Airlines Limited,Singapore,SQ,618,618
SITA - Airlines Worldwide Telecommunications and Information,Belgium,XS,950,950
Skippers Aviation Pty Ltd.,Australia,HK,,
SKS Airways Sdn. Bhd.,Malaysia,KI,,
Sky Airline S.A.,Chile,H2,605,605
Sky Angkor Airlines dba Sky Angkor Airlines Co., Ltd,Cambodia,ZA,969,969
Sky Bus S.A.C.,Peru,HV*,,
Sky Capital Airlines Limited dba Sky Air,Bangladesh,S8*,,442
Sky Express S.A.,Greece,GQ,633,
Sky High Aviation Services,Dominican Republic,DO,791,
Sky Jet M.G. Inc.,Canada,DU,,
Sky Lease I, Inc.,UNITED STATES OF AMERICA,GG,,576
Sky Mali SA. dba Sky Mali SA.,Mali,ML,332,
Sky Prime Charter,Saudi Arabia,UY,532,
Sky Taxi sp. z.o.o,Poland,TE,,022
Skymark Airlines Inc.,Japan,BC,090,
Skytrans PTY Ltd. dba Skytrans,Australia,QN,,
Skywagon Corporation,UNITED STATES OF AMERICA,SX*,,906
Skyward Express ltd,Kenya,OW,,
SkyWest Airlines,UNITED STATES OF AMERICA,OO,302,
Smart Cargo S.A.,Luxembourg,,,015
Smartlynx Airlines Ltd.,Latvia,6Y,,
Smartwings Hungary Kft. dba Smartwings Hungary Kft.,Hungary,7O,,
Smartwings Poland Sp. z o.o. dba Smartwings Poland,Poland,3Z,,
Smartwings Slovakia, s.r.o,Slovakia,6D,,
Smartwings, a.s.,Czech Republic,QS,797,797
Smokey Bay Air, Inc.,UNITED STATES OF AMERICA,2E*,,
SNCF,France,2C*,,
Solar Cargo, C.A.,Venezuela,4S*,,644
Solaseed Air Inc.,Japan,6J,,
Solenta Aviation Mozambique SA dba Solenta Aviation Mozambique SA,Mozambique,FW*,,
SOLINAIR Latelsko Podjetje d.o.o.,Slovenia,SP*,,265
Solitaire Air Ltd. Co.(dba: Fly Jor dan),Jordan,F0*,,
SONOCO THERMOSAFE,UNITED STATES OF AMERICA,YZ,,
Solomon Airlines Limited,Solomon Islands,IE,193,193
Sounds Air Travel and Tourism Ltd.,New Zealand,S8,346,
South African Airways SOC LTD dba South African Airways,South Africa,SA,083,083
South East Asian Airlines (SEAIR) International, Inc.,Philippines,XO,,
Southern Air Charter Co., Limited,Bahamas,PL*,,
Southern Airways Express, LLC,UNITED STATES OF AMERICA,9X,504,
Southern Sky Airlines JSC,Kazakhstan,IH,824,
Southwest Airlines Co.,UNITED STATES OF AMERICA,WN,526,526
SpiceJet Ltd.,India,SG,775,775
Spirit Airlines,UNITED STATES OF AMERICA,NK,487,487
Spring Airlines Limited Corporation,People's Republic of China,9C,089,089
Spring Japan Co. Ltd.,Japan,IJ,,
SPRINGJET, S.A.,Portugal,5K,,026
Sprintair SA,Poland,P8,,
SriLankan Airlines Limited,Sri Lanka,UL,603,603
Stabo Air Services Limited,Netherlands,4E,,242
Star Air A/S,Denmark,DJ*,,763
Star Flyer Inc.,Japan,7G*,922,
Star Up S.A. dba Star Peru,Peru,2I,156,156
STARLUX AIRLINES CO., LTD.,Chinese Taipei,JX,189,189
STP Airways - Transportes Aereos de S. Tome e Principe,Sao Tome and Principe,8F,470,
Sudan Airways Co. Ltd.,Sudan,SD,200,200
Sun Air Aviation,Sudan,SO,,
Sun Air of Scandinavia A.S.,Denmark,EZ*,,
Sun Country Inc dba Sun Country Airlines,UNITED STATES OF AMERICA,SY,337,337
Sun d'Or International Airlines,Israel,2U,,
Sunclass Airlines Aps,Denmark,DK,,630
Sundair GmbH,Germany,SR,,
SunExpress,Turkey,XQ*,564,564
Sunlight Air,Philippines,2R,,
Sunrise Airlines Inc.,UNITED STATES OF AMERICA,M2*,,592
Sunrise Airways S.A. dba Sunrise Airways,Haiti,S6,660,
Sunsplash Aviation, LLC.,UNITED STATES OF AMERICA,YH,,361
Sunwing Airlines Inc.,Canada,WG,292,292
Suparna Airlines Co., Ltd.,People's Republic of China,Y8,871,871
Surinaamse Luchtvaart Maatschappij N.V dba Surinam Airways,Suriname,PY,192,192
Swiftair, S.A.,Spain,WT,221,221
Swiss Airtainer SA,Switzerland,SW,,
SWISS International Air Lines Ltd dba SWISS,Switzerland,LX,724,724
Swoop Inc.,Canada,WO,995,995
Sylt Air GmbH,Germany,7E,,
Synergy Aviation Ltd,United Kingdom,YD,,259
Syphax Airlines S A,Tunisia,SO*,,
Syrian Arab Airlines,Syrian Arab Republic,RB,070,070
T'way Air Co., Ltd.,Korea, Republic of,TW,722,722
TAAG - Linhas Aereas de Angola, SA dba TAAG-Angola Airlines,Angola,DT,118,118
TACA International Airlines S.A.,El Salvador,TA,202,202
Tailwind Air LLC,UNITED STATES OF AMERICA,TQ,,
Tailwind Hava Yollari A.S.,Turkey,TI*,,768
TAM Linhas Aereas S.A. dba LATAM Airlines Brasil,Brazil,JJ,957,957
Tampa Cargo S.A.S,Colombia,QT,,729
TAP Portugal,Portugal,TP,047,047
Tarco Aviation Co.LTD,Sudan,3T,524,
Tassili Airlines,Algeria,SF,515,
Tasman Cargo Airlines PTY LTD,Australia,HJ*,,
TATA SIA AIRLINES LTD dba VISTARA,India,UK,228,228
Tatonduk Outfitters Limited dba Eve Air Alaska dba Everts Air Cargo,UNITED STATES OF AMERICA,5V,840,840
Tbilisi Airways LLC dba Aircompany ''Tbilisi Airways'',Georgia,TD,,
TCA LLC Aircompany ''TCA'',Georgia,N6*,,
Tchadia Airlines,Chad,OT,024,024
Tectimes Sudamericana S.A.,Argentina,C1,322,
Thai AirAsia Co., Ltd. dba AirAsia,Thailand,FD,900,900
Texel Air W.L.L,Bahrain,,,565
Thai Airasia X Company Limited,Thailand,XJ,940,940
Thai Airways International Public Company Ltd. dba Thai,Thailand,TG,217,217
Thai Lion Mentari Company Limited dba Thai Lion Air,Thailand,SL,310,
Thai Smile Airways Company Limited,Thailand,WE*,909,909
Thai Summer Airways Company Limited,Thailand,9T,,
Thai Vietjet Air,Thailand,VZ,863,863
Thalys International,Belgium,2H*,056,
The Cargo Flights Co.,LTD.,Thailand,9O*,,
The Landline Company,UNITED STATES OF AMERICA,L4,727,
Tianjin Air Cargo Co., Ltd.,People's Republic of China,HT,,877
TianJin Airlines Co. Ltd,People's Republic of China,GS,826,826
Tibet Airlines Corporation Limited,People's Republic of China,TV,088,
Tigerair Taiwan Co. Ltd,Chinese Taipei,IT,608,608
Titan Airways Limited,United Kingdom,ZT*,,858
Titan Airways Malta ltd,Malta,TM*,,183
Topre Corporation,Japan,T4,,
Touristic Aviation Services Limited dba Corendon Airlines Europe,Malta,XR,187,187
Trade Air Ltd.,Croatia,C3,,
Tradewind Aviation, LLC,UNITED STATES OF AMERICA,TJ,492,
Trans Caribbean Air Export Import, Inc,UNITED STATES OF AMERICA,CB*,,456
Trans Executive Airlines of Hawaii,UNITED STATES OF AMERICA,R9*,,
Transavia Airlines,Netherlands,HV,979,979
Transavia France,France,TO,270,
Transcarga Int'l Airways, C.A.,Venezuela,T7*,,382
Transporte Aereo S.A. dba LATAM Airlines Chile,Chile,LU,972,972
Transportes Aereos Bolivianos,Bolivia,2L*,,901
Transportes Aereos de Cabo Verde dba TACV Cabo Verde Airlines,Cape Verde,VR,696,696
Transportes Aereos del Mercosur S.A dba LATAM Airlines Paraguay,Paraguay,PZ,692,692
Transportes Aereos Guatemaltecos SA,Guatemala,5U,911,911
Transportes Aeromar, S.A. de C.V.,Mexico,VW,942,942
Transportes Interilhas de Cabo Verde, Sociedade Unipessoal, SA.,Cape Verde,3B,383,
TRANSWEST AIR LIMITED,Canada,4T,,
Travel Technology Interactive SA,France,Y1,392,
Travelport / dba Galileo International,UNITED STATES OF AMERICA,1V,588,
Travelport dba Worldspan,UNITED STATES OF AMERICA,1P,523,
Travelport dba Worldspan,United Kingdom,1G,773,
Travelsky Technology Limited,People's Republic of China,1E,252,
Trenitalia S.p.A.,Italy,7T*,,
Tropic Air Limited,Belize,9N,789,
Tropic Ocean Airways LLC.,UNITED STATES OF AMERICA,TI,,
Tsaradia dba Tsaradia,Madagascar,TZ,852,852
TUI Airlines Belgium N.V dba TUI fly,Belgium,TB*,612,612
TUI Airlines Nederland B.V.,Netherlands,OR,178,178
TUI Airways Limited dba TUI,United Kingdom,BY,,754
TUIfly GmbH,Germany,X3*,617,617
TUIfly Nordic AB,Sweden,6B*,951,951
Tunisair,Tunisia,TU,199,199
Tunisair Express,Tunisia,UG,150,150
Turistik Hava Tasimacilik A.S. (Corendon Airlines),Turkey,XC,,395
Turkish Airlines Inc.,Turkey,TK,235,235
Turkmenistan Airlines dba Turkmenistan Airlines,Turkmenistan,T5,542,542
Turpial Airlines, C.A.,Venezuela,T9,,
Tus Airways Ltd,Cyprus,U8,034,
Twin Jet,France,T7,294,
TWO TAXI AEREO LTDA,Brazil,2F*,,
UAB Heston Airlines JSC Heston Airlines,Lithuania,HN*,,680
Uganda National Airlines Company Limited dba Uganda Airlines,Uganda,UR,109,
UBM Aviation - OAG,United Kingdom,CR,,
ULS Airlines Cargo,Turkey,GO*,,444
Ultimate Jetcharters LLC dba Ultimate Air Shuttle,UNITED STATES OF AMERICA,UE,327,
Ultra Air S.A.S dba Ultra Air S.A.S,Colombia,U0,,
UNI Airways Corporation,Chinese Taipei,B7,525,525
UNILODE AVIATION SOLUTIONS NETHERLANDS BV,Netherlands,U9,,
Unilode Aviation Solutions New Zealand Limited,New Zealand,C6*,,
Unilode Aviation Solutions Switzerland Ltd.,Switzerland,R7*,,
Unilode Aviation Solutions UK Limit,United Kingdom,R9,,
United Airlines, Inc.,UNITED STATES OF AMERICA,UA,016,016
United Caribbean Airlines BV d.b.a.JetAir Caribbean,Curacao,4J,,
Universal Air Travel Plan (UATP-Marketing),UNITED STATES OF AMERICA,XD,,
Universal Air Travel Plan (UATP) (Annual Dues),UNITED STATES OF AMERICA,XD,,
Universal Airways, Inc.,UNITED STATES OF AMERICA,UV,,
Uniworld Air Cargo Corp.,Panama,U7,,399
UR AIRLINES dba UBD,Iraq,UD,541,
UPS,UNITED STATES OF AMERICA,5X,,406
Urumqi Airlines Co. Ltd.,People's Republic of China,UQ,886,886
US-Bangla Airlines Limited,Bangladesh,BS,779,
USA Jet Airlines, Inc.,UNITED STATES OF AMERICA,UJ*,,
USAC Airways 695 LLC,UNITED STATES OF AMERICA,TD*,,
UTair Aviation,Russian Federation,UT,298,298
Uzbekistan Airways Joint Stock Company,Uzbekistan,HY,250,250
Van Air Europe, a.s.,Czech Republic,V9,,
Vee H Aviation Pty Ltd. T/A Link Airways / Fly FC,Australia,FC,441,
Vensecar Internacional C.A. DBA Vensecar, CA,Venezuela,V4,,946
Venture Travel, LLC dba Taquan Air,UNITED STATES OF AMERICA,K3*,,
Via Airlines, Inc.,UNITED STATES OF AMERICA,VC,359,
Videcom International Limited,United Kingdom,U1,,
Vieques Air Link, Inc,UNITED STATES OF AMERICA,V4*,,
Vietjet Aviation Joint Stock Company dba Vietjet Aviation JSC,Viet Nam,VJ,978,978
Vietnam Air Service Company (VASCO),Viet Nam,0V*,338,338
Vietnam Airlines JSC dba Vietnam Airlines JSC,Viet Nam,VN,738,738
Vietravel Airlines Co., Ltd.,Viet Nam,VU,759,759
Villa Air Pvt. Ltd. dba Villa Air,Maldives,VP,,
Vipper BV,Netherlands,VG,048,
Virgin Atlantic Airways Limited,United Kingdom,VS,932,932
Virgin Australia International Airlines Pty Ltd,Australia,VA,795,795
Viva Airlines Peru S.A.C,Peru,VV,343,
Vivo Air Links Holdings Ltd,Hong Kong (SAR), China,VD,,
Volga-Dnepr Airline Joint Stock,Russian Federation,VI*,,412
Volotea, S.L.,Spain,V7,712,
Vuela Aviacion S.A Volaris Costa Rica,Costa Rica,Q6,621,621
Vuela El Salvador S.A. de C.V.,El Salvador,N3,370,370
Vueling Airlines S.A.,Spain,VY,030,030
Waltzing Matilda Aviation, LLC,UNITED STATES OF AMERICA,MW,058,
WAMOS AIR, S.A.,Spain,EB,460,460
Warbelow's Air Ventures, Inc.,UNITED STATES OF AMERICA,4W,,
West Air Co., Ltd.,People's Republic of China,PN,847,847
Westair Aviation (PTY) Ltd.,Namibia,WV,614,
Western Air Ltd,Bahamas,WU,,
Western Aircraft, Inc.,UNITED STATES OF AMERICA,ST*,,
Western Global Airlines, Inc.,UNITED STATES OF AMERICA,KD*,,904
WestJet,Canada,WS,838,838
WestJet Encore Ltd.,Canada,WR,,
White Airways S.A.,Portugal,WI,097,
Wideroe's Flyveselskap A.S.,Norway,WF,701,701
Wind Rose Aviation Company,Ukraine,7W,461,461
Windward Islands Airways Int'l N.V. dba WINAIR,Sint Maarten,WM,295,295
Wizz Air Abu Dhabi LLC dba Wizz Air,United Arab Emirates,5W,,
Wizz Air Hungary Airlines Limited dba WIZZ Air Hungary Ltd.,Hungary,W6*,,284
Wizz Air UK Limited dba Wizz Air UK,United Kingdom,W9,,
World 2 Fly Portugal, S.A.,Portugal,3P,,
World 2 Fly, S.L. dba W2FLY,Spain,2W,825,
World Cargo Airline Sdn Bhd. dba World Cargo Airlines,Malaysia,3G*,,380
World Ticket Ltd,Denmark,W1,,
Wright Air Service Inc.,UNITED STATES OF AMERICA,8V,,
Xiamen Airlines,People's Republic of China,MF,731,731
Yan Air Ltd,Ukraine,YE,,
Yemenia - Yemen Airways,Yemen, Republic of,IY,635,635
Yeti Airlines Domestic Pvt. Ltd.,Nepal,YT,,
YTO Cargo Airlines Co. Ltd.,People's Republic of China,YG,,860
Zambia Airways (2014) Limited,Zambia,ZN,138,138
Zapways, Inc.,UNITED STATES OF AMERICA,R1,407,
Zhejiang Loong Airlines Co., Ltd,People's Republic of China,GJ,891,891
Zimex Aviation AG,Switzerland,XM,,927
ZIPAIR Tokyo Inc.,Japan,ZG,,
